{
    "Alexstrasza": {
        "1": true,
        "2": true,
        "3": true
    },
    "Baine Bloodhoof": {
        "1": true,
        "2": "friend",
        "3": false
    },
    "Brann Bronzebeard": {
        "1": true,
        "2": false,
        "3": "friend"
    },
    "Bwonsamdi": {
        "1": true,
        "2": "chooseone3",
        "3": true
    },
    "Cairne Bloodhoof": {
        "1": true,
        "2": false,
        "3": false
    },
    "Cariel Roame": {
        "1": true,
        "2": false,
        "3": "friend"
    },
    "Chromie": {
        "1": true,
        "2": true,
        "3": false
    },
    "Cornelius Roame": {
        "1": true,
        "2": false,
        "3": "friend"
    },
    "Deathwing": {
        "1": true,
        "2": false,
        "3": false
    },
    "Fathom-Lord Karathress": {
        "1": true,
        "2": false,
        "3": false
    },
    "Garona Halforcen": {
        "1": true,
        "2": false,
        "3": "chooseone3"
    },
    "Garrosh Hellscream": {
        "1": true,
        "2": false,
        "3": false
    },
    "Genn Greymane": {
        "1": true,
        "2": true,
        "3": false
    },
    "Grommash Hellscream": {
        "1": true,
        "2": true,
        "3": true
    },
    "Gruul": {
        "1": true,
        "2": true,
        "3": false
    },
    "Kel'Thuzad": {
        "1": true,
        "2": "friend",
        "3": true
    },
    "King Mukla": {
        "1": true,
        "2": false,
        "3": "friend:Beast"
    },
    "Kurtrus Ashfallen": {
        "1": true,
        "2": false,
        "3": true
    },
    "Lokholar the Ice Lord": {
        "1": false,
        "2": true,
        "3": true
    },
    "Lord Jaraxxus": {
        "1": true,
        "2": false,
        "3": false
    },
    "Maiev Shadowsong": {
        "1": true,
        "2": true,
        "3": true
    },
    "Malfurion Stormrage": {
        "1": true,
        "2": true,
        "3": "chooseone2"
    },
    "Mannoroth": {
        "1": true,
        "2": true,
        "3": false
    },
    "Medivh": {
        "1": true,
        "2": "friend",
        "3": false
    },
    "Mr. Smite": {
        "1": true,
        "2": false,
        "3": false
    },
    "Murloc Holmes": {
        "1": true,
        "2": "friend",
        "3": "chooseone3"
    },
    "Niuzao": {
        "1": true,
        "2": false,
        "3": false
    },
    "Prince Malchezaar": {
        "1": true,
        "2": false,
        "3": false
    },
    "Ragnaros": {
        "1": true,
        "2": false,
        "3": true
    },
    "Rattlegore": {
        "1": true,
        "2": true,
        "3": true
    },
    "Sir Finley": {
        "1": true,
        "2": "chooseone3",
        "3": "friend"
    },
    "Sneed": {
        "1": true,
        "2": false,
        "3": true
    },
    "Tess Greymane": {
        "1": true,
        "2": "friend",
        "3": "chooseone3"
    },
    "The Lich King": {
        "1": true,
        "2": true,
        "3": false
    },
    "Thrall": {
        "1": true,
        "2": false,
        "3": true
    },
    "Tidemistress Athissa": {
        "1": true,
        "2": true,
        "3": false
    },
    "Trigore the Lasher": {
        "1": true,
        "2": false,
        "3": false
    },
    "Uther Lightbringer": {
        "1": true,
        "2": "friend",
        "3": false
    },
    "Vanessa VanCleef": {
        "1": true,
        "2": false,
        "3": true
    },
    "Vanndar Stormpike": {
        "1": true,
        "2": true,
        "3": true
    },
    "Varian Wrynn": {
        "1": true,
        "2": true,
        "3": false
    },
    "Y'Shaarj": {
        "1": true,
        "2": false,
        "3": false
    },
    "Yu'lon": {
        "1": true,
        "2": false,
        "3": false
    },
    "Anduin Wrynn": {
        "1": true,
        "2": false,
        "3": false
    },
    "Antonidas": {
        "1": true,
        "2": false,
        "3": false
    },
    "Aranna Starseeker": {
        "1": true,
        "2": true,
        "3": true
    },
    "Archimonde": {
        "1": true,
        "2": false,
        "3": false
    },
    "Baron Geddon": {
        "1": true,
        "2": false,
        "3": true
    },
    "Blink Fox": {
        "1": true,
        "2": false,
        "3": true
    },
    "Brightwing": {
        "1": true,
        "2": false,
        "3": false
    },
    "Bru'kan": {
        "1": true,
        "2": true,
        "3": true
    },
    "Captain Hooktusk": {
        "1": true,
        "2": true,
        "3": true
    },
    "Chi-Ji": {
        "1": true,
        "2": false,
        "3": false
    },
    "Cookie, the Cook": {
        "1": true,
        "2": false,
        "3": false
    },
    "Drek'Thar": {
        "1": false,
        "2": false,
        "3": false
    },
    "Guff Runetotem": {
        "1": true,
        "2": true,
        "3": false
    },
    "Gul'dan": {
        "1": true,
        "2": false,
        "3": true
    },
    "Jaina Proudmoore": {
        "1": true,
        "2": true,
        "3": false
    },
    "Jandice Barov": {
        "1": false,
        "2": "chooseone2",
        "3": false
    },
    "Khadgar": {
        "1": true,
        "2": false,
        "3": false
    },
    "Archmage Khadgar": {
        "1": true,
        "2": false,
        "3": "chooseone3"
    },
    "Kazakus, Golem Shaper": {
        "1": false,
        "2": "chooseone3",
        "3": true
    },
    "Korrak the Bloodrager": {
        "1": true,
        "2": false,
        "3": false
    },
    "Long'xin": {
        "1": true,
        "2": false,
        "3": "friend"
    },
    "Lord Godfrey": {
        "1": true,
        "2": true,
        "3": false
    },
    "Lorewalker Cho": {
        "1": "chooseone3",
        "2": false,
        "3": false
    },
    "Maestra": {
        "1": false,
        "2": false,
        "3": true
    },
    "Millhouse Manastorm": {
        "1": false,
        "2": true,
        "3": false
    },
    "Morgl the Oracle": {
        "1": true,
        "2": false,
        "3": "friend"
    },
    "Mr. Bigglesworth": {
        "1": true,
        "2": false,
        "3": true
    },
    "Natalie Seline": {
        "1": true,
        "2": "friend",
        "3": false
    },
    "Neeru Fireblade": {
        "1": true,
        "2": false,
        "3": "friend:Imp"
    },
    "Nemsy Necrofizzle": {
        "1": true,
        "2": "friend",
        "3": "friend"
    },
    "N'Zoth": {
        "1": true,
        "2": true,
        "3": false
    },
    "Onyxia": {
        "1": true,
        "2": false,
        "3": false
    },
    "Patches the Pirate": {
        "1": true,
        "2": false,
        "3": false
    },
    "Prophet Velen": {
        "1": true,
        "2": true,
        "3": false
    },
    "Queen Azshara": {
        "1": true,
        "2": false,
        "3": false
    },
    "Reno Jackson": {
        "1": false,
        "2": true,
        "3": false
    },
    "Sky Admiral Rogers": {
        "1": true,
        "2": true,
        "3": false
    },
    "Tamsin Roame": {
        "1": true,
        "2": false,
        "3": false
    },
    "Varden Dawngrasp": {
        "1": false,
        "2": false,
        "3": true
    },
    "Vol'jin": {
        "1": true,
        "2": false,
        "3": false
    },
    "Xyrella": {
        "1": true,
        "2": "friend",
        "3": true
    },
    "Yogg-Saron": {
        "1": true,
        "2": "friend",
        "3": false
    },
    "Zar'jira, the Sea Witch": {
        "1": true,
        "2": "friend",
        "3": true
    },
    "Arfus": {
        "1": true,
        "2": false,
        "3": false
    },
    "Balinda Stonehearth": {
        "1": true,
        "2": true,
        "3": "chooseone2"
    },
    "Blademaster Samuro": {
        "1": true,
        "2": true,
        "3": false
    },
    "Bwonsamdi": {
        "1": true,
        "2": "chooseone3",
        "3": true
    },
    "C'Thun": {
        "1": true,
        "2": true,
        "3": false
    },
    "Captain Galvangar": {
        "1": true,
        "2": true,
        "3": false
    },
    "Diablo": {
        "1": true,
        "2": false,
        "3": true
    },
    "Edwin, Defias Kingpin": {
        "1": true,
        "2": false,
        "3": true
    },
    "Elise Starseeker": {
        "1": true,
        "2": false,
        "3": true
    },
    "Eudora": {
        "1": true,
        "2": "chooseone2",
        "3": "friend"
    },
    "Garona Halforcen": {
        "1": true,
        "2": false,
        "3": "chooseone3"
    },
    "Illidan Stormrage": {
        "1": true,
        "2": false,
        "3": false
    },
    "King Krush": {
        "1": false,
        "2": false,
        "3": true
    },
    "Lady Anacondra": {
        "1": true,
        "2": "friend",
        "3": false
    },
    "Lady Vashj": {
        "1": true,
        "2": true,
        "3": false
    },
    "Leeroy Jenkins": {
        "1": false,
        "2": false,
        "3": false
    },
    "Lilian Voss": {
        "1": true,
        "2": "friend",
        "3": true
    },
    "Lord Slitherspear": {
        "1": true,
        "2": true,
        "3": true
    },
    "Murky": {
        "1": true,
        "2": "chooseone2",
        "3": false
    },
    "Mutanus": {
        "1": true,
        "2": false,
        "3": false
    },
    "Nefarian": {
        "1": true,
        "2": "friend:Dragon",
        "3": false
    },
    "Nemsy Necrofizzle": {
        "1": true,
        "2": "friend",
        "3": "friend"
    },
    "Old Murk-Eye": {
        "1": true,
        "2": false,
        "3": true
    },
    "Rathorian": {
        "1": true,
        "2": false,
        "3": true
    },
    "Rexxar": {
        "1": true,
        "2": "chooseone3",
        "3": true
    },
    "Rokara": {
        "1": true,
        "2": false,
        "3": true
    },
    "Scabbs Cutterbutter": {
        "1": true,
        "2": "chooseone3",
        "3": true
    },
    "Sinestra": {
        "1": true,
        "2": "friend:Dragon",
        "3": false
    },
    "Sylvanas Windrunner": {
        "1": true,
        "2": false,
        "3": true
    },
    "Tavish Stormpike": {
        "1": true,
        "2": false,
        "3": false
    },
    "Tess Greymane": {
        "1": true,
        "2": "friend",
        "3": "chooseone3"
    },
    "Tirion Fordring": {
        "1": true,
        "2": "friend",
        "3": true
    },
    "Tyrael": {
        "1": true,
        "2": true,
        "3": false
    },
    "Tyrande Whisperwind": {
        "1": true,
        "2": false,
        "3": false
    },
    "Valeera Sanguinar": {
        "1": false,
        "2": true,
        "3": false
    },
    "Varok Saurfang": {
        "1": true,
        "2": false,
        "3": false
    },
    "War Master Voone": {
        "1": true,
        "2": true,
        "3": true
    },
    "Wrathion": {
        "1": true,
        "2": true,
        "3": false
    },
    "Xuen": {
        "1": true,
        "2": true,
        "3": false
    },
    "Yrel": {
        "1": true,
        "2": false,
        "3": false
    },
    "Ysera": {
        "1": true,
        "2": "chooseone3",
        "3": "chooseone2:friend"
    }
}
