{
    "travelpoint.scroll.top": 5,
    "travelpoint.Bossrush.scroll": 0,
    "travelpoint.Barrens.scroll": 0,
    "travelpoint.Felwood.scroll": -1,
    "travelpoint.Winterspring.scroll": -1,
    "travelpoint.Blackrock.scroll": -1,
    "travelpoint.Alterac.scroll": -2,
    "travelpoint.Onyxia.scroll": -2,
    "travelpoint.Darkshore.scroll": -3,
    "travelpoint.Sunken.scroll": -4,
    "travelpoint.Darkmoon.scroll": -4,
    "mouse.neutral.x": 1.05,
    "mouse.neutral.y": 2,
    "lastOne": "dont touch"
}
