{
    "default_grey": 0.85,
    "levels": 0.85,
    "travelpoints": 0.9,
    "buttons/finishok.png": 0.9,
    "buttons/campfire_completed_task.png": 0.64,
    "buttons/choose_task.png": 0.75,
    "buttons/done.png": 0.6,
    "UI_elements/blue.png": 0.75,
    "UI_elements/encounter_caster.png": 0.75,
    "UI_elements/encounter_elite.png": 0.8,
    "UI_elements/encounter_fighter.png": 0.75,
    "UI_elements/encounter_protector.png": 0.75,
    "UI_elements/green.png": 0.7,
    "UI_elements/noclass2.png": 0.58,
    "UI_elements/quests.png": 0.7,
    "UI_elements/red.png": 0.7,
    "UI_elements/reward_chest.png": 0.5,
    "UI_elements/spirithealer.png": 0.9,
    "lastOne": "dont touch"
}
