{
    "alliance_war_banner": 11,
    "atiesh": 4,
    "banner_of_the_horde": 12,
    "blessing_of_the_moon": 2,
    "blood_fury": 7,
    "blood_pact": 8,
    "boots_of_haste": 21,
    "celestial_alignment": 10,
    "circle_of_healing": 18,
    "elementary_studies": 3,
    "feral_spirit": 10,
    "fire_staff": 9,
    "fireball_volley": 4,
    "flametongue_totem": 22,
    "for_the_fin": 8,
    "frost_staff": 10,
    "full_belly": 17,
    "fury": 7,
    "hunting_party": 13,
    "improved_darts": 6,
    "improved_lightning_bolt": 6,
    "mandate_of_august": 11,
    "murkys_lucky_fish": 12,
    "nature_staff": 9,
    "nephrite_army": 10,
    "natures_bite": 7,
    "orgrimmar_tabard": 5,
    "positive_equilibrium": 7,
    "radiant_breastplate": 17,
    "ring_of_protection": 19,
    "saronite_armor": 9,
    "tempest_fury": 1,
    "treasure_chest": 20,
    "spiked_shield": 16,
    "warchiefs_blessing": 3,
    "windfury": 2,
    "windfury_totem": 1
}
